{
	"partitions" : [
		{
			"name" : "Top",
			"pins" : [
				{
					"name" : "co0",
					"strict" : false
				},
				{
					"name" : "co1",
					"strict" : false
				},
				{
					"name" : "co2",
					"strict" : false
				},
				{
					"name" : "co3",
					"strict" : false
				},
				{
					"name" : "co4",
					"strict" : false
				},
				{
					"name" : "b0",
					"strict" : false
				},
				{
					"name" : "b1",
					"strict" : false
				},
				{
					"name" : "b2",
					"strict" : false
				},
				{
					"name" : "b3",
					"strict" : false
				},
				{
					"name" : "b4",
					"strict" : false
				},
				{
					"name" : "b6",
					"strict" : false
				},
				{
					"name" : "b7",
					"strict" : false
				},
				{
					"name" : "b8",
					"strict" : false
				},
				{
					"name" : "b9",
					"strict" : false
				},
				{
					"name" : "clkw",
					"strict" : false
				}
			]
		}
	]
}