<?xml version="1.0" encoding="UTF-8"?>
<EnsembleReport name="ADC_control" kind="system" version="18.0" fabric="QSYS">
 <!-- Format version 18.0 614 (Future versions may contain additional information.) -->
 <!-- 2018.11.28.17:36:22 -->
 <!-- A collection of modules and connections -->
 <parameter name="clockCrossingAdapter">
  <type>com.altera.sopcmodel.ensemble.EClockAdapter</type>
  <value>HANDSHAKE</value>
  <derived>false</derived>
  <enabled>true</enabled>
  <visible>true</visible>
  <valid>true</valid>
 </parameter>
 <parameter name="device">
  <type>java.lang.String</type>
  <value>10M50DAF484C7G</value>
  <derived>false</derived>
  <enabled>true</enabled>
  <visible>true</visible>
  <valid>true</valid>
 </parameter>
 <parameter name="deviceFamily">
  <type>java.lang.String</type>
  <value>MAX10FPGA</value>
  <derived>false</derived>
  <enabled>true</enabled>
  <visible>true</visible>
  <valid>true</valid>
 </parameter>
 <parameter name="deviceSpeedGrade">
  <type>java.lang.String</type>
  <value>7</value>
  <derived>false</derived>
  <enabled>true</enabled>
  <visible>false</visible>
  <valid>true</valid>
 </parameter>
 <parameter name="fabricMode">
  <type>com.altera.sopcmodel.ensemble.Ensemble$EFabricMode</type>
  <value>QSYS</value>
  <derived>false</derived>
  <enabled>true</enabled>
  <visible>false</visible>
  <valid>true</valid>
 </parameter>
 <parameter name="generateLegacySim">
  <type>boolean</type>
  <value>false</value>
  <derived>false</derived>
  <enabled>true</enabled>
  <visible>false</visible>
  <valid>true</valid>
 </parameter>
 <parameter name="generationId">
  <type>int</type>
  <value>1543455377</value>
  <derived>false</derived>
  <enabled>true</enabled>
  <visible>true</visible>
  <valid>true</valid>
 </parameter>
 <parameter name="globalResetBus">
  <type>boolean</type>
  <value>false</value>
  <derived>false</derived>
  <enabled>true</enabled>
  <visible>false</visible>
  <valid>true</valid>
 </parameter>
 <parameter name="hdlLanguage">
  <type>com.altera.entityinterfaces.moduleext.IModuleGenerateHDL$HDLLanguage</type>
  <value>VERILOG</value>
  <derived>false</derived>
  <enabled>false</enabled>
  <visible>false</visible>
  <valid>true</valid>
 </parameter>
 <parameter name="hideFromIPCatalog">
  <type>boolean</type>
  <value>true</value>
  <derived>false</derived>
  <enabled>true</enabled>
  <visible>true</visible>
  <valid>true</valid>
 </parameter>
 <parameter name="lockedInterfaceDefinition">
  <type>com.altera.sopcmodel.definition.BoundaryDefinition</type>
  <value></value>
  <derived>false</derived>
  <enabled>true</enabled>
  <visible>false</visible>
  <valid>true</valid>
 </parameter>
 <parameter name="maxAdditionalLatency">
  <type>int</type>
  <value>1</value>
  <derived>false</derived>
  <enabled>true</enabled>
  <visible>true</visible>
  <valid>true</valid>
 </parameter>
 <parameter name="projectName">
  <type>java.lang.String</type>
  <value></value>
  <derived>false</derived>
  <enabled>true</enabled>
  <visible>false</visible>
  <valid>true</valid>
 </parameter>
 <parameter name="sopcBorderPoints">
  <type>boolean</type>
  <value>false</value>
  <derived>false</derived>
  <enabled>true</enabled>
  <visible>false</visible>
  <valid>true</valid>
 </parameter>
 <parameter name="systemHash">
  <type>long</type>
  <value>0</value>
  <derived>false</derived>
  <enabled>true</enabled>
  <visible>false</visible>
  <valid>true</valid>
 </parameter>
 <parameter name="testBenchDutName">
  <type>java.lang.String</type>
  <value></value>
  <derived>false</derived>
  <enabled>true</enabled>
  <visible>false</visible>
  <valid>true</valid>
 </parameter>
 <parameter name="timeStamp">
  <type>long</type>
  <value>0</value>
  <derived>false</derived>
  <enabled>true</enabled>
  <visible>false</visible>
  <valid>true</valid>
 </parameter>
 <parameter name="useTestBenchNamingPattern">
  <type>boolean</type>
  <value>false</value>
  <derived>false</derived>
  <enabled>true</enabled>
  <visible>false</visible>
  <valid>true</valid>
 </parameter>
 <module
   name="adc_mega_0"
   kind="altera_up_avalon_adc_mega"
   version="18.0"
   path="adc_mega_0">
  <!-- Describes a single module. Module parameters are
the requested settings for a module instance. -->
  <parameter name="board">
   <type>java.lang.String</type>
   <value>DE10-Lite</value>
   <derived>false</derived>
   <enabled>true</enabled>
   <visible>true</visible>
   <valid>true</valid>
  </parameter>
  <parameter name="board_rev">
   <type>java.lang.String</type>
   <value>Autodetect</value>
   <derived>false</derived>
   <enabled>false</enabled>
   <visible>false</visible>
   <valid>true</valid>
  </parameter>
  <parameter name="sclk_freq">
   <type>double</type>
   <value>10.0</value>
   <derived>false</derived>
   <enabled>false</enabled>
   <visible>true</visible>
   <valid>true</valid>
  </parameter>
  <parameter name="tsclk">
   <type>int</type>
   <value>5</value>
   <derived>true</derived>
   <enabled>true</enabled>
   <visible>false</visible>
   <valid>true</valid>
  </parameter>
  <parameter name="numch_">
   <type>int</type>
   <value>6</value>
   <derived>false</derived>
   <enabled>true</enabled>
   <visible>true</visible>
   <valid>true</valid>
  </parameter>
  <parameter name="numch">
   <type>int</type>
   <value>5</value>
   <derived>true</derived>
   <enabled>true</enabled>
   <visible>false</visible>
   <valid>true</valid>
  </parameter>
  <parameter name="max10pllmultby">
   <type>int</type>
   <value>1</value>
   <derived>true</derived>
   <enabled>true</enabled>
   <visible>false</visible>
   <valid>true</valid>
  </parameter>
  <parameter name="max10plldivby">
   <type>int</type>
   <value>5</value>
   <derived>true</derived>
   <enabled>true</enabled>
   <visible>false</visible>
   <valid>true</valid>
  </parameter>
  <parameter name="sys_clk_freq">
   <type>int</type>
   <value>50</value>
   <derived>false</derived>
   <enabled>true</enabled>
   <visible>true</visible>
   <valid>true</valid>
  </parameter>
  <parameter name="AUTO_DEVICE_FAMILY">
   <type>java.lang.String</type>
   <value>MAX10FPGA</value>
   <derived>false</derived>
   <enabled>true</enabled>
   <visible>false</visible>
   <valid>true</valid>
   <sysinfo_type>DEVICE_FAMILY</sysinfo_type>
  </parameter>
  <parameter name="AUTO_CLK_CLOCK_RATE">
   <type>java.lang.Long</type>
   <value>0</value>
   <derived>false</derived>
   <enabled>true</enabled>
   <visible>false</visible>
   <valid>true</valid>
   <sysinfo_type>CLOCK_RATE</sysinfo_type>
   <sysinfo_arg>clk</sysinfo_arg>
  </parameter>
  <parameter name="deviceFamily">
   <type>java.lang.String</type>
   <value>MAX 10</value>
   <derived>false</derived>
   <enabled>true</enabled>
   <visible>false</visible>
   <valid>true</valid>
   <sysinfo_type>DEVICE_FAMILY</sysinfo_type>
  </parameter>
  <parameter name="generateLegacySim">
   <type>boolean</type>
   <value>false</value>
   <derived>false</derived>
   <enabled>true</enabled>
   <visible>true</visible>
   <valid>true</valid>
  </parameter>
  <interface name="clk" kind="clock_sink" version="18.0">
   <!-- The connection points exposed by a module instance for the
particular module parameters. Connection points and their
parameters are a RESULT of the module parameters. -->
   <parameter name="externallyDriven">
    <type>boolean</type>
    <value>false</value>
    <derived>false</derived>
    <enabled>true</enabled>
    <visible>false</visible>
    <valid>true</valid>
   </parameter>
   <parameter name="ptfSchematicName">
    <type>java.lang.String</type>
    <value></value>
    <derived>false</derived>
    <enabled>true</enabled>
    <visible>false</visible>
    <valid>true</valid>
   </parameter>
   <parameter name="deviceFamily">
    <type>java.lang.String</type>
    <value>UNKNOWN</value>
    <derived>false</derived>
    <enabled>true</enabled>
    <visible>true</visible>
    <valid>true</valid>
   </parameter>
   <parameter name="generateLegacySim">
    <type>boolean</type>
    <value>false</value>
    <derived>false</derived>
    <enabled>true</enabled>
    <visible>true</visible>
    <valid>true</valid>
   </parameter>
   <parameter name="clockRateKnown">
    <type>java.lang.Boolean</type>
    <value>false</value>
    <derived>true</derived>
    <enabled>true</enabled>
    <visible>false</visible>
    <valid>true</valid>
   </parameter>
   <parameter name="clockRate">
    <type>java.lang.Long</type>
    <value>0</value>
    <derived>true</derived>
    <enabled>true</enabled>
    <visible>false</visible>
    <valid>true</valid>
   </parameter>
   <type>clock</type>
   <isStart>false</isStart>
   <port>
    <name>CLOCK</name>
    <direction>Input</direction>
    <width>1</width>
    <role>clk</role>
   </port>
  </interface>
  <interface name="reset" kind="reset_sink" version="18.0">
   <!-- The connection points exposed by a module instance for the
particular module parameters. Connection points and their
parameters are a RESULT of the module parameters. -->
   <parameter name="associatedClock">
    <type>java.lang.String</type>
    <value>clk</value>
    <derived>false</derived>
    <enabled>true</enabled>
    <visible>true</visible>
    <valid>true</valid>
   </parameter>
   <parameter name="synchronousEdges">
    <type>com.altera.sopcmodel.reset.Reset$Edges</type>
    <value>DEASSERT</value>
    <derived>false</derived>
    <enabled>true</enabled>
    <visible>true</visible>
    <valid>true</valid>
   </parameter>
   <parameter name="deviceFamily">
    <type>java.lang.String</type>
    <value>UNKNOWN</value>
    <derived>false</derived>
    <enabled>true</enabled>
    <visible>true</visible>
    <valid>true</valid>
   </parameter>
   <parameter name="generateLegacySim">
    <type>boolean</type>
    <value>false</value>
    <derived>false</derived>
    <enabled>true</enabled>
    <visible>true</visible>
    <valid>true</valid>
   </parameter>
   <type>reset</type>
   <isStart>false</isStart>
   <port>
    <name>RESET</name>
    <direction>Input</direction>
    <width>1</width>
    <role>reset</role>
   </port>
  </interface>
  <interface name="readings" kind="conduit_end" version="18.0">
   <!-- The connection points exposed by a module instance for the
particular module parameters. Connection points and their
parameters are a RESULT of the module parameters. -->
   <parameter name="associatedClock">
    <type>java.lang.String</type>
    <value></value>
    <derived>false</derived>
    <enabled>true</enabled>
    <visible>true</visible>
    <valid>true</valid>
   </parameter>
   <parameter name="associatedReset">
    <type>java.lang.String</type>
    <value></value>
    <derived>false</derived>
    <enabled>true</enabled>
    <visible>true</visible>
    <valid>true</valid>
   </parameter>
   <parameter name="deviceFamily">
    <type>java.lang.String</type>
    <value>UNKNOWN</value>
    <derived>false</derived>
    <enabled>true</enabled>
    <visible>true</visible>
    <valid>true</valid>
   </parameter>
   <parameter name="generateLegacySim">
    <type>boolean</type>
    <value>false</value>
    <derived>false</derived>
    <enabled>true</enabled>
    <visible>true</visible>
    <valid>true</valid>
   </parameter>
   <type>conduit</type>
   <isStart>false</isStart>
   <port>
    <name>CH0</name>
    <direction>Output</direction>
    <width>12</width>
    <role>export</role>
   </port>
   <port>
    <name>CH1</name>
    <direction>Output</direction>
    <width>12</width>
    <role>export</role>
   </port>
   <port>
    <name>CH2</name>
    <direction>Output</direction>
    <width>12</width>
    <role>export</role>
   </port>
   <port>
    <name>CH3</name>
    <direction>Output</direction>
    <width>12</width>
    <role>export</role>
   </port>
   <port>
    <name>CH4</name>
    <direction>Output</direction>
    <width>12</width>
    <role>export</role>
   </port>
   <port>
    <name>CH5</name>
    <direction>Output</direction>
    <width>12</width>
    <role>export</role>
   </port>
   <port>
    <name>CH6</name>
    <direction>Output</direction>
    <width>12</width>
    <role>export</role>
   </port>
   <port>
    <name>CH7</name>
    <direction>Output</direction>
    <width>12</width>
    <role>export</role>
   </port>
  </interface>
 </module>
 <plugin>
  <instanceCount>1</instanceCount>
  <name>altera_up_avalon_adc_mega</name>
  <type>com.altera.entityinterfaces.IElementClass</type>
  <subtype>com.altera.entityinterfaces.IModule</subtype>
  <displayName>ADC Controller for DE-series Boards</displayName>
  <version>18.0</version>
 </plugin>
 <plugin>
  <instanceCount>1</instanceCount>
  <name>clock_sink</name>
  <type>com.altera.entityinterfaces.IElementClass</type>
  <subtype>com.altera.entityinterfaces.IMutableConnectionPoint</subtype>
  <displayName>Clock Input</displayName>
  <version>18.0</version>
 </plugin>
 <plugin>
  <instanceCount>1</instanceCount>
  <name>reset_sink</name>
  <type>com.altera.entityinterfaces.IElementClass</type>
  <subtype>com.altera.entityinterfaces.IMutableConnectionPoint</subtype>
  <displayName>Reset Input</displayName>
  <version>18.0</version>
 </plugin>
 <plugin>
  <instanceCount>1</instanceCount>
  <name>conduit_end</name>
  <type>com.altera.entityinterfaces.IElementClass</type>
  <subtype>com.altera.entityinterfaces.IMutableConnectionPoint</subtype>
  <displayName>Conduit</displayName>
  <version>18.0</version>
 </plugin>
 <reportVersion>18.0 614</reportVersion>
 <uniqueIdentifier>509A4C117E28000001675D1C0B52</uniqueIdentifier>
</EnsembleReport>
